method,catalog_entries,clients,attempts,successes,timeouts,errors,timeout_pct,error_pct,mean_ms,sd_ms,p50_ms,p95_ms,p99_ms,throughput_ops_per_s,source
"put",8,8,504,504,0,0,0,0,477.293,258.099,331.065,964.686,979.355,16.535,"json"
"put",8,16,512,512,0,0,0,0,512.064,46.038,527.814,552.197,591.525,30.038,"json"
"put",8,24,504,504,0,0,0,0,751.928,54.474,762.498,796.107,800.391,31.004,"json"
"put",8,32,512,512,0,0,0,0,961.309,52.310,973.260,1020.418,1025.473,32.492,"json"
"put",8,40,520,520,0,0,0,0,1341.776,500.947,1213.440,3066.565,3073.355,29.339,"json"
"put",8,48,528,528,0,0,0,0,1457.624,58.135,1462.655,1520.918,1529.005,32.400,"json"
"put",8,56,504,504,0,0,0,0,1820.298,270.959,1734.776,2621.929,2699.352,30.298,"json"
"put",8,64,512,512,0,0,0,0,2122.796,179.364,2041.726,2321.745,2328.620,29.916,"json"
"put",8,96,576,576,0,0,0,0,3236.643,232.410,3081.326,3701.861,3810.443,28.888,"json"
"put",8,128,512,512,0,0,0,0,4694.575,31.634,4687.739,4753.346,4762.085,27.088,"json"
"put",8,192,576,576,0,0,0,0,6342.519,137.180,6292.594,6546.071,6552.838,30.049,"json"
"put",8,256,512,512,0,0,0,0,9497.995,1833.002,8227.808,13115.575,13217.292,23.770,"json"
"put",16,8,504,504,0,0,0,0,302.597,21.669,297.170,340.210,365.505,26.281,"json"
"put",16,16,512,512,0,0,0,0,634.898,257.712,594.834,986.847,1961.327,24.203,"json"
"put",16,24,504,504,0,0,0,0,728.670,80.295,755.991,787.693,798.002,31.242,"json"
"put",16,32,512,512,0,0,0,0,1003.626,111.371,1003.996,1188.537,1195.390,30.824,"json"
"put",16,40,520,520,0,0,0,0,1328.476,407.579,1248.161,2698.083,2704.344,29.193,"json"
"put",16,48,528,528,0,0,0,0,1545.642,113.592,1562.714,1699.803,1706.275,30.134,"json"
"put",16,56,504,504,0,0,0,0,1860.346,222.560,1797.279,2523.430,2611.081,29.508,"json"
"put",16,64,512,512,0,0,0,0,2061.502,47.205,2074.936,2113.779,2123.823,30.574,"json"
"put",16,96,576,576,0,0,0,0,3007.269,246.257,3024.520,3351.706,3451.376,30.899,"json"
"put",16,128,512,512,0,0,0,0,4024.426,110.642,4055.600,4121.146,4126.907,31.218,"json"
"put",16,192,576,576,0,0,0,0,6382.294,157.670,6449.073,6565.067,6571.823,29.707,"json"
"put",16,256,512,512,0,0,0,0,9586.840,1746.209,8967.180,13027.061,13129.043,23.095,"json"
"put",32,8,504,504,0,0,0,0,337.919,34.143,332.903,374.939,545.950,23.540,"json"
"put",32,16,512,512,0,0,0,0,569.048,61.074,582.749,631.242,671.637,27.093,"json"
"put",32,24,504,504,0,0,0,0,822.539,95.189,852.921,904.062,948.664,27.902,"json"
"put",32,32,512,512,0,0,0,0,1084.259,114.303,1120.107,1167.681,1174.844,28.363,"json"
"put",32,40,520,520,0,0,0,0,1424.391,269.988,1387.525,2111.652,2135.929,26.914,"json"
"put",32,48,528,528,0,0,0,0,1597.444,153.331,1642.317,1676.033,1685.298,28.983,"json"
"put",32,56,504,504,0,0,0,0,1987.191,207.462,2074.302,2140.498,2148.753,26.965,"json"
"put",32,64,512,512,0,0,0,0,2215.488,364.174,2172.227,3089.017,3096.605,27.838,"json"
"put",32,96,576,576,0,0,0,0,3210.430,269.118,3267.651,3401.902,3409.700,29.103,"json"
"put",32,128,512,512,0,0,0,0,4171.045,406.170,4296.229,4334.740,4341.077,29.590,"json"
"put",32,192,576,576,0,0,0,0,6775.847,667.213,6977.434,7227.423,7235.793,27.433,"json"
"put",32,256,512,512,0,0,0,0,9930.684,2394.406,8953.553,14308.739,14391.583,21.871,"json"
"put",64,8,504,504,0,0,0,0,390.262,45.587,374.052,458.402,495.172,20.394,"json"
"put",64,16,512,512,0,0,0,0,741.977,58.228,748.282,806.698,814.560,21.169,"json"
"put",64,24,504,504,0,0,0,0,1238.623,545.636,1024.657,2617.242,2650.035,18.851,"json"
"put",64,32,512,512,0,0,0,0,1263.063,99.326,1288.696,1360.705,1367.595,24.736,"json"
"put",64,40,520,520,0,0,0,0,1537.382,136.042,1567.923,1650.622,1659.050,25.226,"json"
"put",64,48,528,528,0,0,0,0,2071.964,731.971,1881.948,4340.204,4351.148,22.652,"json"
"put",64,56,504,504,0,0,0,0,2053.324,129.672,2065.640,2127.759,2136.004,26.714,"json"
"put",64,64,512,512,0,0,0,0,2341.208,160.793,2370.457,2444.868,2451.139,26.723,"json"
"put",64,96,576,576,0,0,0,0,3516.655,263.818,3568.414,3725.548,3765.171,26.615,"json"
"put",64,128,512,512,0,0,0,0,4711.489,321.963,4789.792,4859.157,4865.179,26.595,"json"
"put",64,192,576,576,0,0,0,0,7744.010,472.533,7853.794,8124.024,8132.719,24.361,"json"
"put",64,256,512,512,0,0,0,0,10364.199,567.070,10210.247,10761.060,10768.101,24.307,"json"
"put",128,8,504,504,0,0,0,0,508.324,73.337,497.575,572.702,985.737,15.681,"json"
"put",128,16,512,512,0,0,0,0,916.087,50.704,905.664,1001.392,1018.637,17.398,"json"
"put",128,24,504,504,0,0,0,0,1349.877,74.952,1333.072,1497.553,1540.415,17.706,"json"
"put",128,32,512,512,0,0,0,0,1780.686,144.458,1727.430,2203.939,2265.805,17.874,"json"
"put",128,40,520,520,0,0,0,0,2160.995,106.922,2147.013,2453.398,2461.732,18.423,"json"
"put",128,48,528,528,0,0,0,0,2580.228,95.363,2571.043,2822.745,2828.724,18.516,"json"
"put",128,56,504,504,0,0,0,0,3008.191,169.073,2978.276,3439.774,3447.267,18.528,"json"
"put",128,64,512,512,0,0,0,0,3429.646,127.760,3399.790,3643.222,3650.341,18.542,"json"
"put",128,96,576,576,0,0,0,0,5268.982,375.525,5087.882,5796.396,5804.422,18.082,"json"
"put",128,128,512,512,0,0,0,0,6989.006,276.135,6808.788,7415.645,7423.583,18.153,"json"
"put",128,192,576,576,0,0,0,0,10719.445,418.419,10443.351,11341.729,11359.340,17.778,"json"
"put",128,256,512,512,0,0,0,0,15718.898,1458.952,15247.356,18409.844,18505.537,14.655,"json"
"put",256,8,504,504,0,0,0,0,871.187,70.683,864.153,994.278,1083.727,9.163,"json"
"put",256,16,512,512,0,0,0,0,1723.722,152.922,1692.740,2030.613,2186.797,9.260,"json"
"put",256,24,504,504,0,0,0,0,2636.904,332.698,2602.249,3422.241,3508.300,9.073,"json"
"put",256,32,512,512,0,0,0,0,3377.337,308.862,3324.739,4073.060,4079.988,9.445,"json"
"put",256,40,520,520,0,0,0,0,4311.888,431.371,4283.737,5179.753,5211.560,9.227,"json"
"put",256,48,528,528,0,0,0,0,5648.182,756.588,5425.395,7022.129,7029.223,8.418,"json"
"put",256,56,504,504,0,0,0,0,6245.126,534.686,6149.578,7048.358,7054.585,8.912,"json"
"put",256,64,512,504,0,8,0,1.563,7806.395,1688.211,7534.319,10917.190,10925.447,8.020,"json"
"put",256,96,576,576,0,0,0,0,11581.476,2568.331,10383.653,18448.287,18950.219,8.047,"json"
"put",256,128,512,453,0,59,0,11.523,15905.420,2897.194,16065.494,19633.076,19643.278,7.070,"json"
"put",256,192,576,576,0,0,0,0,22283.143,2575.616,23388.571,24888.255,24903.538,8.496,"json"
"put",256,256,512,192,320,0,62.500,0,28853.511,446.881,28638.166,29798.615,29976.165,2.982,"json"
"put",512,1,200,200,0,0,0,0,186.999,18.379,186.759,216.066,237.338,5.347,"independent"
"put",512,5,200,200,0,0,0,0,725.684,63.408,706.585,824.318,989.459,6.874,"independent"
"put",512,8,504,504,0,0,0,0,1185.443,110.166,1158.149,1391.114,1687.287,6.733,"json"
"put",512,10,200,200,0,0,0,0,1486.290,103.895,1450.238,1620.050,1763.626,6.710,"independent"
"put",512,16,512,512,0,0,0,0,2308.448,284.518,2178.706,2969.147,3119.646,6.905,"json"
"put",512,20,200,200,0,0,0,0,3022.227,303.689,2981.777,3518.516,3625.739,6.575,"independent"
"put",512,24,504,504,0,0,0,0,3852.885,347.815,3725.887,4536.065,4690.858,6.173,"json"
"put",512,32,512,512,0,0,0,0,5470.824,570.990,5175.771,6347.232,6369.999,5.815,"json"
"put",512,40,520,520,0,0,0,0,7122.982,467.003,7100.578,8102.013,8115.597,5.577,"json"
"put",512,48,528,528,0,0,0,0,9259.553,605.770,9121.031,10631.572,10735.900,5.120,"json"
"put",512,50,200,183,0,17,0,8.500,7798.732,491.440,7691.370,8410.252,8414.272,5.800,"independent"
"put",512,56,504,504,0,0,0,0,10939.883,667.756,10666.366,12129.939,12361.191,5.057,"json"
"put",512,64,512,512,0,0,0,0,12568.736,816.372,12329.536,14138.572,14157.577,5.024,"json"
"put",512,96,576,576,0,0,0,0,17378.970,3216.724,16068.555,24836.493,24849.000,5.430,"json"
"put",512,128,512,267,239,6,46.680,1.172,29054.063,599.888,28611.953,29850.945,29877.734,2.167,"json"
"put",512,256,512,70,256,186,50,36.328,22140.379,88.073,22091.339,22322.912,22325.060,1.337,"json"
"put",1024,8,504,504,0,0,0,0,1321.693,128.973,1275.979,1622.367,1813.004,6.016,"json"
"put",1024,16,512,512,0,0,0,0,2794.344,277.207,2700.800,3236.044,3612.195,5.682,"json"
"put",1024,24,504,504,0,0,0,0,4584.416,408.418,4564.275,5248.483,5513.162,5.180,"json"
"put",1024,32,512,512,0,0,0,0,6003.834,493.229,5812.680,7007.170,7089.499,5.265,"json"
"put",1024,40,520,497,0,23,0,4.423,8549.694,865.485,8509.330,10519.738,10605.763,4.433,"json"
"put",1024,48,528,528,0,0,0,0,10338.997,546.273,10346.824,11380.372,11595.390,4.604,"json"
"put",1024,56,504,504,0,0,0,0,11345.445,951.539,11217.857,13544.697,13553.291,4.868,"json"
"put",1024,64,512,512,0,0,0,0,14153.722,957.214,13799.172,16138.286,16163.924,4.448,"json"
"put",1024,96,576,504,0,72,0,12.500,20598.880,3261.279,20064.547,25916.104,26242.419,4.280,"json"
"put",1024,128,512,90,312,110,60.938,21.484,24306.047,5284.215,27208.596,28442.376,29783.597,0.809,"json"
"put",1024,192,576,19,326,231,56.597,40.104,21452.250,41.571,21484.354,21494.080,21494.080,0.163,"json"
"put",2048,8,504,504,0,0,0,0,2189.744,90.151,2189.325,2359.904,2484.019,3.617,"json"
"put",2048,16,512,512,0,0,0,0,4579.042,178.256,4557.906,4773.015,5475.060,3.448,"json"
"put",2048,24,504,492,0,12,0,2.381,6946.634,157.900,6953.442,7103.672,7468.679,3.340,"json"
"put",2048,32,512,512,0,0,0,0,9416.217,173.519,9405.806,9803.586,9853.453,3.368,"json"
"put",2048,40,520,495,0,25,0,4.808,11488.983,220.274,11463.307,11900.252,12028.586,3.286,"json"
"put",2048,48,528,528,0,0,0,0,14553.403,371.020,14483.438,15178.540,15531.281,3.266,"json"
"put",2048,56,504,500,0,4,0,0.794,17372.459,821.529,17265.989,18733.556,18888.213,3.173,"json"
"put",2048,64,512,512,0,0,0,0,20140.559,390.220,20059.629,20971.362,20978.791,3.152,"json"
"put",2048,96,576,100,381,95,66.146,16.493,20699.534,845.568,21214.542,21597.139,21628.301,0.592,"json"
"put",2048,128,512,0,434,78,84.766,15.234,0,0,0,0,0,0,"json"
"put",2048,192,576,0,573,3,99.479,0.521,0,0,0,0,0,0,"json"
"put",2048,256,512,0,512,0,100,0,0,0,0,0,0,0,"json"
"put",4096,1,200,200,0,0,0,0,592.061,38.489,586.649,651.169,714.849,1.689,"independent"
"put",4096,5,200,200,0,0,0,0,2704.751,81.186,2690.546,2851.603,2886.427,1.829,"independent"
"put",4096,8,504,504,0,0,0,0,4079.693,147.256,4079.453,4267.955,4813.502,1.935,"json"
"put",4096,10,200,200,0,0,0,0,5644.573,96.787,5647.658,5785.815,5801.116,1.753,"independent"
"put",4096,16,1008,1008,0,0,0,0,8996.762,323.201,8930.850,9656.035,9846.301,1.768,"largecatalog-1000x"
"put",4096,20,200,200,0,0,0,0,11320.610,91.457,11326.207,11446.054,11479.130,1.759,"independent"
"put",4096,24,1008,1006,0,2,0,0.198,13486.315,296.831,13529.640,14005.338,14068.963,1.767,"largecatalog-1000x"
"put",4096,32,1024,1019,0,5,0,0.488,19090.544,1045.449,18953.916,20834.930,21381.506,1.662,"largecatalog-1000x"
"put",4096,40,1000,999,0,1,0,0.100,21864.577,1121.656,21628.274,24464.151,24535.076,1.817,"largecatalog-1000x"
"put",4096,48,1008,1005,0,3,0,0.298,25867.525,749.707,25706.379,27351.757,27434.212,1.841,"largecatalog-1000x"
"put",4096,50,200,42,146,12,73,6,28077.303,179.182,28128.988,28234.607,28285.826,0.346,"independent"
"put",4096,56,1008,674,280,54,27.778,5.357,28514.089,1432.015,29208.988,29966.968,29978.691,1.292,"largecatalog-1000x"
"put",4096,64,1024,120,664,240,64.844,23.438,24386.823,5520.650,24693.782,35432.937,38696.579,0.238,"largecatalog-1000x"
"put",4096,96,576,15,345,216,59.896,37.5,17102.172,2563.316,16123.068,23415.955,23415.955,0.063,"json"
"put",8192,8,504,412,0,92,0,18.254,8482.310,377.187,8483.763,9125.770,9521.592,0.770,"fixed-percell"
"put",8192,16,1008,1006,0,2,0,0.198,18696.536,957.709,18730.626,20168.112,20324.904,0.852,"largecatalog-1000x"
"put",8192,24,1008,933,68,7,6.746,0.694,28398.506,788.039,28365.031,29689.134,29797.237,0.778,"largecatalog-1000x"
"put",8192,32,1024,632,108,284,10.547,27.734,25603.227,1553.202,25642.000,26678.418,29138.049,0.741,"largecatalog-1000x"
"put",8192,40,1000,428,247,325,24.700,32.500,27893.271,3475.164,28909.133,29676.425,29736.946,0.580,"largecatalog-1000x"
"put",8192,48,1008,253,282,473,27.976,46.925,22186.399,2055.435,21913.412,26493.954,26565.618,0.438,"largecatalog-1000x"
"put",8192,56,1008,93,551,364,54.663,36.111,23650.271,5538.095,24276.038,29695.658,29723.029,0.136,"largecatalog-1000x"
"put",8192,64,1024,33,590,401,57.617,39.160,20297.010,4143.967,19793.023,24548.194,24573.092,0.058,"largecatalog-1000x"
"put",16384,8,504,502,0,2,0,0.397,17287.595,853.183,17128.268,18889.276,19258.252,0.459,"16384-500x"
"put",16384,16,1008,620,28,360,2.778,35.714,22711.948,1777.473,22859.558,25564.865,26121.797,0.430,"largecatalog-1000x"
"put",16384,24,1008,337,141,530,13.988,52.579,25275.023,2741.294,26097.899,28827.049,29314.270,0.300,"largecatalog-1000x"
"put",16384,32,1024,147,291,586,28.418,57.227,27578.619,3037.355,28542.937,29728.961,29752.179,0.146,"largecatalog-1000x"
"put",16384,40,1000,42,356,602,35.600,60.200,25773.438,2337.166,25890.008,28841.481,28863.680,0.052,"largecatalog-1000x"
"put",16384,48,1008,88,230,690,22.817,68.452,23664.375,1315.664,23943.808,24437.415,28573.068,0.130,"largecatalog-1000x"
"put",16384,56,1008,0,538,470,53.373,46.627,0,0,0,0,0,0,"largecatalog-1000x"
"put",16384,64,1024,18,272,734,26.563,71.680,26838.139,511.346,26921.120,27483.480,27483.480,0.032,"largecatalog-1000x"
"n3patch",512,1,200,200,0,0,0,0,303.943,42.820,302.143,345.365,369.676,3.290,"independent"
"n3patch",512,5,200,200,0,0,0,0,1045.392,68.586,1030.208,1141.417,1296.125,4.777,"independent"
"n3patch",512,10,200,200,0,0,0,0,2115.108,143.075,2088.422,2389.847,2517.891,4.721,"independent"
"n3patch",512,20,200,200,0,0,0,0,4355.737,229.808,4245.041,4962.811,4964.933,4.585,"independent"
"n3patch",512,50,200,19,0,181,0,90.500,18322.155,3246.904,20671.808,20818.703,20818.703,0.377,"independent"
"n3patch",4096,1,200,200,0,0,0,0,852.009,69.032,820.308,995.834,1049.380,1.174,"independent"
"n3patch",4096,5,200,200,0,0,0,0,4118.735,224.580,4052.020,4615.155,4660.857,1.214,"independent"
"n3patch",4096,10,200,0,0,200,0,100,0,0,0,0,0,0,"independent"
"n3patch",4096,20,200,9,0,191,0,95.500,13109.273,1.706,13108.348,13111.708,13111.708,0.083,"independent"
"n3patch",4096,50,200,0,0,200,0,100,0,0,0,0,0,0,"independent"
